0	0.800558	0.877401	0.615671	0.029681	1.000000e-01	1.000000e-06	1.000000e-04	500	2	0.300000	5.000000e-01	1.000000e+01	0	80	relu		[10, 13, 14, 17, 18, 21, 103, 104, 105, 130, 133, 134, 136, 137, 139, 140, 141, 142, 147, 148, 151, 154, 155]
1	0.814785	0.893400	0.587286	0.028562	1.000000e-01	1.000000e-06	1.000000e-04	500	5	0.300000	5.000000e-01	1.000000e+01	0	80	relu		[10, 13, 14, 17, 18, 21, 103, 104, 105, 130, 133, 134, 136, 137, 139, 140, 141, 142, 147, 148, 151, 154, 155]
2	0.815610	0.903214	0.609613	0.020900	1.000000e-01	1.000000e-06	1.000000e-04	500	5	0.300000	0.000000e+00	1.000000e+01	0	80	relu		[10, 13, 14, 17, 18, 21, 103, 104, 105, 130, 133, 134, 136, 137, 139, 140, 141, 142, 147, 148, 151, 154, 155]
3	0.804173	0.888700	0.560059	0.042352	1.000000e-01	1.000000e-06	1.000000e-04	500	5	0.300000	1.000000e-01	1.000000e+01	0	80	relu		[10, 13, 14, 17, 18, 21, 103, 104, 105, 130, 133, 134, 136, 137, 139, 140, 141, 142, 147, 148, 151, 154, 155]
4	0.811998	0.898869	0.608999	0.035610	1.000000e-01	1.000000e-06	1.000000e-04	500	5	0.300000	2.000000e-01	1.000000e+01	0	80	relu		[10, 13, 14, 17, 18, 21, 103, 104, 105, 130, 133, 134, 136, 137, 139, 140, 141, 142, 147, 148, 151, 154, 155]
5	0.866958	0.938923	0.855914	0.663043	1.000000e-01	1.000000e-06	1.000000e-05	500	5	0.300000	0.000000e+00	1.000000e+01	0	80	relu		[10, 13, 14, 17, 18, 21, 103, 104, 105, 130, 133, 134, 136, 137, 139, 140, 141, 142, 147, 148, 151, 154, 155]
6	0.852661	0.940446	0.853537	0.686169	1.000000e-01	1.000000e-06	1.000000e-05	500	5	0.300000	1.000000e-01	1.000000e+01	0	80	relu		[10, 13, 14, 17, 18, 21, 103, 104, 105, 130, 133, 134, 136, 137, 139, 140, 141, 142, 147, 148, 151, 154, 155]
7	0.855242	0.940285	0.863278	0.667449	1.000000e-01	1.000000e-06	1.000000e-05	500	5	0.300000	2.000000e-01	1.000000e+01	0	80	relu		[10, 13, 14, 17, 18, 21, 103, 104, 105, 130, 133, 134, 136, 137, 139, 140, 141, 142, 147, 148, 151, 154, 155]
8	0.868348	0.944087	0.855621	0.668683	1.000000e-01	1.000000e-06	1.000000e-05	500	5	0.300000	3.000000e-01	1.000000e+01	0	80	relu		[10, 13, 14, 17, 18, 21, 103, 104, 105, 130, 133, 134, 136, 137, 139, 140, 141, 142, 147, 148, 151, 154, 155]
9	0.849484	0.939275	0.856379	0.667270	1.000000e-01	1.000000e-06	1.000000e-05	500	5	0.300000	4.000000e-01	1.000000e+01	0	80	relu		[10, 13, 14, 17, 18, 21, 103, 104, 105, 130, 133, 134, 136, 137, 139, 140, 141, 142, 147, 148, 151, 154, 155]
10	0.866759	0.942401	0.782804	0.599714	1.000000e-01	1.000000e-06	1.000000e-05	500	5	0.300000	5.000000e-01	1.000000e+01	0	80	relu		[10, 13, 14, 17, 18, 21, 103, 104, 105, 130, 133, 134, 136, 137, 139, 140, 141, 142, 147, 148, 151, 154, 155]
11	0.869738	0.941378	0.694907	0.592835	1.000000e-01	1.000000e-06	1.000000e-05	500	5	0.300000	6.000000e-01	1.000000e+01	0	80	relu		[10, 13, 14, 17, 18, 21, 103, 104, 105, 130, 133, 134, 136, 137, 139, 140, 141, 142, 147, 148, 151, 154, 155]
12	0.865890	0.941430	0.669613	0.513364	1.000000e-01	1.000000e-06	1.000000e-05	500	5	0.300000	7.000000e-01	1.000000e+01	0	80	relu		[10, 13, 14, 17, 18, 21, 103, 104, 105, 130, 133, 134, 136, 137, 139, 140, 141, 142, 147, 148, 151, 154, 155]
13	0.859466	0.941276	0.675026	0.515020	1.000000e-01	1.000000e-06	1.000000e-05	500	5	0.300000	8.000000e-01	1.000000e+01	0	80	relu		[10, 13, 14, 17, 18, 21, 103, 104, 105, 130, 133, 134, 136, 137, 139, 140, 141, 142, 147, 148, 151, 154, 155]
14	0.867296	0.941192	0.647796	0.590232	1.000000e-01	1.000000e-06	1.000000e-05	500	5	0.300000	9.000000e-01	1.000000e+01	0	80	relu		[10, 13, 14, 17, 18, 21, 103, 104, 105, 130, 133, 134, 136, 137, 139, 140, 141, 142, 147, 148, 151, 154, 155]
15	0.870254	0.949429	0.858493	0.671468	1.000000e-01	1.000000e-06	1.000000e-05	500	5	0.000000	2.000000e-01	1.000000e+01	0	80	relu		[10, 13, 14, 17, 18, 21, 103, 104, 105, 130, 133, 134, 136, 137, 139, 140, 141, 142, 147, 148, 151, 154, 155]
16	0.874401	0.945664	0.861235	0.674270	1.000000e-01	1.000000e-06	1.000000e-05	500	5	0.100000	2.000000e-01	1.000000e+01	0	80	relu		[10, 13, 14, 17, 18, 21, 103, 104, 105, 130, 133, 134, 136, 137, 139, 140, 141, 142, 147, 148, 151, 154, 155]
17	0.868011	0.943826	0.857296	0.668687	1.000000e-01	1.000000e-06	1.000000e-05	500	5	0.200000	2.000000e-01	1.000000e+01	0	80	relu		[10, 13, 14, 17, 18, 21, 103, 104, 105, 130, 133, 134, 136, 137, 139, 140, 141, 142, 147, 148, 151, 154, 155]
18	0.857827	0.941127	0.850150	0.666275	1.000000e-01	1.000000e-06	1.000000e-05	500	5	0.400000	2.000000e-01	1.000000e+01	0	80	relu		[10, 13, 14, 17, 18, 21, 103, 104, 105, 130, 133, 134, 136, 137, 139, 140, 141, 142, 147, 148, 151, 154, 155]
19	0.866414	0.940752	0.844117	0.662003	1.000000e-01	1.000000e-06	1.000000e-05	500	5	0.500000	2.000000e-01	1.000000e+01	0	80	relu		[10, 13, 14, 17, 18, 21, 103, 104, 105, 130, 133, 134, 136, 137, 139, 140, 141, 142, 147, 148, 151, 154, 155]
20	0.863019	0.938129	0.843871	0.634663	1.000000e-01	1.000000e-06	1.000000e-05	500	5	0.600000	2.000000e-01	1.000000e+01	0	80	relu		[10, 13, 14, 17, 18, 21, 103, 104, 105, 130, 133, 134, 136, 137, 139, 140, 141, 142, 147, 148, 151, 154, 155]
21	0.862440	0.933890	0.838895	0.623533	1.000000e-01	1.000000e-06	1.000000e-05	500	5	0.700000	2.000000e-01	1.000000e+01	0	80	relu		[10, 13, 14, 17, 18, 21, 103, 104, 105, 130, 133, 134, 136, 137, 139, 140, 141, 142, 147, 148, 151, 154, 155]
22	0.845893	0.923920	0.835393	0.633696	1.000000e-01	1.000000e-06	1.000000e-05	500	5	0.800000	2.000000e-01	1.000000e+01	0	80	relu		[10, 13, 14, 17, 18, 21, 103, 104, 105, 130, 133, 134, 136, 137, 139, 140, 141, 142, 147, 148, 151, 154, 155]
23	0.818381	0.901801	0.805148	0.587479	1.000000e-01	1.000000e-06	1.000000e-05	500	5	0.900000	2.000000e-01	1.000000e+01	0	80	relu		[10, 13, 14, 17, 18, 21, 103, 104, 105, 130, 133, 134, 136, 137, 139, 140, 141, 142, 147, 148, 151, 154, 155]
24	0.858453	0.935370	0.847271	0.609026	1.000000e-01	1.000000e-06	1.000000e-05	100	5	0.000000	2.000000e-01	1.000000e+01	0	80	relu		[10, 13, 14, 17, 18, 21, 103, 104, 105, 130, 133, 134, 136, 137, 139, 140, 141, 142, 147, 148, 151, 154, 155]
25	0.861443	0.936485	0.852422	0.608646	1.000000e-01	1.000000e-06	1.000000e-05	100	5	0.100000	2.000000e-01	1.000000e+01	0	80	relu		[10, 13, 14, 17, 18, 21, 103, 104, 105, 130, 133, 134, 136, 137, 139, 140, 141, 142, 147, 148, 151, 154, 155]
26	0.863636	0.936346	0.844480	0.613068	1.000000e-01	1.000000e-06	1.000000e-05	100	5	0.200000	2.000000e-01	1.000000e+01	0	80	relu		[10, 13, 14, 17, 18, 21, 103, 104, 105, 130, 133, 134, 136, 137, 139, 140, 141, 142, 147, 148, 151, 154, 155]
27	0.856459	0.935690	0.833172	0.601829	1.000000e-01	1.000000e-06	1.000000e-05	100	5	0.300000	2.000000e-01	1.000000e+01	0	80	relu		[10, 13, 14, 17, 18, 21, 103, 104, 105, 130, 133, 134, 136, 137, 139, 140, 141, 142, 147, 148, 151, 154, 155]
28	0.849990	0.929557	0.838026	0.578466	1.000000e-01	1.000000e-06	1.000000e-05	100	5	0.400000	2.000000e-01	1.000000e+01	0	80	relu		[10, 13, 14, 17, 18, 21, 103, 104, 105, 130, 133, 134, 136, 137, 139, 140, 141, 142, 147, 148, 151, 154, 155]
29	0.847778	0.930745	0.833775	0.593466	1.000000e-01	1.000000e-06	1.000000e-05	100	5	0.500000	2.000000e-01	1.000000e+01	0	80	relu		[10, 13, 14, 17, 18, 21, 103, 104, 105, 130, 133, 134, 136, 137, 139, 140, 141, 142, 147, 148, 151, 154, 155]
30	0.841801	0.925430	0.821097	0.597032	1.000000e-01	1.000000e-06	1.000000e-05	100	5	0.600000	2.000000e-01	1.000000e+01	0	80	relu		[10, 13, 14, 17, 18, 21, 103, 104, 105, 130, 133, 134, 136, 137, 139, 140, 141, 142, 147, 148, 151, 154, 155]
31	0.825662	0.914115	0.817825	0.552633	1.000000e-01	1.000000e-06	1.000000e-05	100	5	0.700000	2.000000e-01	1.000000e+01	0	80	relu		[10, 13, 14, 17, 18, 21, 103, 104, 105, 130, 133, 134, 136, 137, 139, 140, 141, 142, 147, 148, 151, 154, 155]
32	0.815900	0.901474	0.803577	0.563980	1.000000e-01	1.000000e-06	1.000000e-05	100	5	0.800000	2.000000e-01	1.000000e+01	0	80	relu		[10, 13, 14, 17, 18, 21, 103, 104, 105, 130, 133, 134, 136, 137, 139, 140, 141, 142, 147, 148, 151, 154, 155]
33	0.770472	0.857229	0.743056	0.466330	1.000000e-01	1.000000e-06	1.000000e-05	100	5	0.900000	2.000000e-01	1.000000e+01	0	80	relu		[10, 13, 14, 17, 18, 21, 103, 104, 105, 130, 133, 134, 136, 137, 139, 140, 141, 142, 147, 148, 151, 154, 155]
34	0.875672	0.943630	0.798620	0.619951	1.000000e-01	1.000000e-06	1.000000e-05	2500	5	0.000000	2.000000e-01	1.000000e+01	0	80	relu		[10, 13, 14, 17, 18, 21, 103, 104, 105, 130, 133, 134, 136, 137, 139, 140, 141, 142, 147, 148, 151, 154, 155]
35	0.864913	0.940031	0.809211	0.599421	1.000000e-01	1.000000e-06	1.000000e-05	2500	5	0.100000	2.000000e-01	1.000000e+01	0	80	relu		[10, 13, 14, 17, 18, 21, 103, 104, 105, 130, 133, 134, 136, 137, 139, 140, 141, 142, 147, 148, 151, 154, 155]
36	0.863917	0.944747	0.803886	0.598591	1.000000e-01	1.000000e-06	1.000000e-05	2500	5	0.200000	2.000000e-01	1.000000e+01	0	80	relu		[10, 13, 14, 17, 18, 21, 103, 104, 105, 130, 133, 134, 136, 137, 139, 140, 141, 142, 147, 148, 151, 154, 155]
37	0.860928	0.944694	0.807561	0.619034	1.000000e-01	1.000000e-06	1.000000e-05	2500	5	0.300000	2.000000e-01	1.000000e+01	0	80	relu		[10, 13, 14, 17, 18, 21, 103, 104, 105, 130, 133, 134, 136, 137, 139, 140, 141, 142, 147, 148, 151, 154, 155]
38	0.863718	0.942790	0.790950	0.634074	1.000000e-01	1.000000e-06	1.000000e-05	2500	5	0.400000	2.000000e-01	1.000000e+01	0	80	relu		[10, 13, 14, 17, 18, 21, 103, 104, 105, 130, 133, 134, 136, 137, 139, 140, 141, 142, 147, 148, 151, 154, 155]
39	0.865910	0.940076	0.816086	0.606881	1.000000e-01	1.000000e-06	1.000000e-05	2500	5	0.500000	2.000000e-01	1.000000e+01	0	80	relu		[10, 13, 14, 17, 18, 21, 103, 104, 105, 130, 133, 134, 136, 137, 139, 140, 141, 142, 147, 148, 151, 154, 155]
40	0.863319	0.940467	0.820322	0.622604	1.000000e-01	1.000000e-06	1.000000e-05	2500	5	0.600000	2.000000e-01	1.000000e+01	0	80	relu		[10, 13, 14, 17, 18, 21, 103, 104, 105, 130, 133, 134, 136, 137, 139, 140, 141, 142, 147, 148, 151, 154, 155]
41	0.860729	0.936438	0.818154	0.633786	1.000000e-01	1.000000e-06	1.000000e-05	2500	5	0.700000	2.000000e-01	1.000000e+01	0	80	relu		[10, 13, 14, 17, 18, 21, 103, 104, 105, 130, 133, 134, 136, 137, 139, 140, 141, 142, 147, 148, 151, 154, 155]
42	0.855350	0.934758	0.828029	0.648153	1.000000e-01	1.000000e-06	1.000000e-05	2500	5	0.800000	2.000000e-01	1.000000e+01	0	80	relu		[10, 13, 14, 17, 18, 21, 103, 104, 105, 130, 133, 134, 136, 137, 139, 140, 141, 142, 147, 148, 151, 154, 155]
43	0.833433	0.916334	0.794121	0.597943	1.000000e-01	1.000000e-06	1.000000e-05	2500	5	0.900000	2.000000e-01	1.000000e+01	0	80	relu		[10, 13, 14, 17, 18, 21, 103, 104, 105, 130, 133, 134, 136, 137, 139, 140, 141, 142, 147, 148, 151, 154, 155]
44	0.875473	0.945045	0.854187	0.718216	1.000000e-01	1.000000e-06	1.000000e-05	1000	5	0.000000	2.000000e-01	1.000000e+01	0	80	relu		[10, 13, 14, 17, 18, 21, 103, 104, 105, 130, 133, 134, 136, 137, 139, 140, 141, 142, 147, 148, 151, 154, 155]
45	0.873680	0.946155	0.857756	0.689738	1.000000e-01	1.000000e-06	1.000000e-05	1000	5	0.100000	2.000000e-01	1.000000e+01	0	80	relu		[10, 13, 14, 17, 18, 21, 103, 104, 105, 130, 133, 134, 136, 137, 139, 140, 141, 142, 147, 148, 151, 154, 155]
46	0.870891	0.945990	0.857988	0.687858	1.000000e-01	1.000000e-06	1.000000e-05	1000	5	0.200000	2.000000e-01	1.000000e+01	0	80	relu		[10, 13, 14, 17, 18, 21, 103, 104, 105, 130, 133, 134, 136, 137, 139, 140, 141, 142, 147, 148, 151, 154, 155]
47	0.872485	0.947326	0.853049	0.683079	1.000000e-01	1.000000e-06	1.000000e-05	1000	5	0.300000	2.000000e-01	1.000000e+01	0	80	relu		[10, 13, 14, 17, 18, 21, 103, 104, 105, 130, 133, 134, 136, 137, 139, 140, 141, 142, 147, 148, 151, 154, 155]
48	0.869695	0.945081	0.855592	0.670114	1.000000e-01	1.000000e-06	1.000000e-05	1000	5	0.400000	2.000000e-01	1.000000e+01	0	80	relu		[10, 13, 14, 17, 18, 21, 103, 104, 105, 130, 133, 134, 136, 137, 139, 140, 141, 142, 147, 148, 151, 154, 155]
49	0.856944	0.940855	0.851718	0.683556	1.000000e-01	1.000000e-06	1.000000e-05	1000	5	0.500000	2.000000e-01	1.000000e+01	0	80	relu		[10, 13, 14, 17, 18, 21, 103, 104, 105, 130, 133, 134, 136, 137, 139, 140, 141, 142, 147, 148, 151, 154, 155]
50	0.863120	0.941193	0.848871	0.681635	1.000000e-01	1.000000e-06	1.000000e-05	1000	5	0.600000	2.000000e-01	1.000000e+01	0	80	relu		[10, 13, 14, 17, 18, 21, 103, 104, 105, 130, 133, 134, 136, 137, 139, 140, 141, 142, 147, 148, 151, 154, 155]
51	0.859932	0.937634	0.848195	0.656803	1.000000e-01	1.000000e-06	1.000000e-05	1000	5	0.700000	2.000000e-01	1.000000e+01	0	80	relu		[10, 13, 14, 17, 18, 21, 103, 104, 105, 130, 133, 134, 136, 137, 139, 140, 141, 142, 147, 148, 151, 154, 155]
52	0.846981	0.927063	0.839785	0.639853	1.000000e-01	1.000000e-06	1.000000e-05	1000	5	0.800000	2.000000e-01	1.000000e+01	0	80	relu		[10, 13, 14, 17, 18, 21, 103, 104, 105, 130, 133, 134, 136, 137, 139, 140, 141, 142, 147, 148, 151, 154, 155]
53	0.829448	0.914423	0.824931	0.618799	1.000000e-01	1.000000e-06	1.000000e-05	1000	5	0.900000	2.000000e-01	1.000000e+01	0	80	relu		[10, 13, 14, 17, 18, 21, 103, 104, 105, 130, 133, 134, 136, 137, 139, 140, 141, 142, 147, 148, 151, 154, 155]
54	0.875473	0.950866	0.724936	0.595404	1.000000e-01	1.000000e-06	1.000000e-05	500	10	0.000000	2.000000e-01	1.000000e+01	0	80	relu		[10, 13, 14, 17, 18, 21, 103, 104, 105, 130, 133, 134, 136, 137, 139, 140, 141, 142, 147, 148, 151, 154, 155]
55	0.884041	0.950751	0.751650	0.636778	1.000000e-01	1.000000e-06	1.000000e-05	500	10	0.100000	2.000000e-01	1.000000e+01	0	80	relu		[10, 13, 14, 17, 18, 21, 103, 104, 105, 130, 133, 134, 136, 137, 139, 140, 141, 142, 147, 148, 151, 154, 155]
56	0.887029	0.954935	0.759442	0.653114	1.000000e-01	1.000000e-06	1.000000e-05	500	10	0.200000	2.000000e-01	1.000000e+01	0	80	relu		[10, 13, 14, 17, 18, 21, 103, 104, 105, 130, 133, 134, 136, 137, 139, 140, 141, 142, 147, 148, 151, 154, 155]
57	0.877266	0.953256	0.775210	0.611099	1.000000e-01	1.000000e-06	1.000000e-05	500	10	0.300000	2.000000e-01	1.000000e+01	0	80	relu		[10, 13, 14, 17, 18, 21, 103, 104, 105, 130, 133, 134, 136, 137, 139, 140, 141, 142, 147, 148, 151, 154, 155]
58	0.877864	0.952341	0.802489	0.642208	1.000000e-01	1.000000e-06	1.000000e-05	500	10	0.400000	2.000000e-01	1.000000e+01	0	80	relu		[10, 13, 14, 17, 18, 21, 103, 104, 105, 130, 133, 134, 136, 137, 139, 140, 141, 142, 147, 148, 151, 154, 155]
59	0.876669	0.951086	0.767819	0.634679	1.000000e-01	1.000000e-06	1.000000e-05	500	10	0.500000	2.000000e-01	1.000000e+01	0	80	relu		[10, 13, 14, 17, 18, 21, 103, 104, 105, 130, 133, 134, 136, 137, 139, 140, 141, 142, 147, 148, 151, 154, 155]
60	0.877466	0.951001	0.799588	0.640673	1.000000e-01	1.000000e-06	1.000000e-05	500	10	0.600000	2.000000e-01	1.000000e+01	0	80	relu		[10, 13, 14, 17, 18, 21, 103, 104, 105, 130, 133, 134, 136, 137, 139, 140, 141, 142, 147, 148, 151, 154, 155]
61	0.871289	0.947778	0.822767	0.615259	1.000000e-01	1.000000e-06	1.000000e-05	500	10	0.700000	2.000000e-01	1.000000e+01	0	80	relu		[10, 13, 14, 17, 18, 21, 103, 104, 105, 130, 133, 134, 136, 137, 139, 140, 141, 142, 147, 148, 151, 154, 155]
62	0.859733	0.938827	0.830982	0.617192	1.000000e-01	1.000000e-06	1.000000e-05	500	10	0.800000	2.000000e-01	1.000000e+01	0	80	relu		[10, 13, 14, 17, 18, 21, 103, 104, 105, 130, 133, 134, 136, 137, 139, 140, 141, 142, 147, 148, 151, 154, 155]
63	0.839012	0.924691	0.803353	0.571494	1.000000e-01	1.000000e-06	1.000000e-05	500	10	0.900000	2.000000e-01	1.000000e+01	0	80	relu		[10, 13, 14, 17, 18, 21, 103, 104, 105, 130, 133, 134, 136, 137, 139, 140, 141, 142, 147, 148, 151, 154, 155]
64	0.866707	0.945654	0.830315	0.614974	1.000000e-01	1.000000e-06	1.000000e-05	100	10	0.000000	2.000000e-01	1.000000e+01	0	80	relu		[10, 13, 14, 17, 18, 21, 103, 104, 105, 130, 133, 134, 136, 137, 139, 140, 141, 142, 147, 148, 151, 154, 155]
65	0.870293	0.943375	0.850109	0.590257	1.000000e-01	1.000000e-06	1.000000e-05	100	10	0.100000	2.000000e-01	1.000000e+01	0	80	relu		[10, 13, 14, 17, 18, 21, 103, 104, 105, 130, 133, 134, 136, 137, 139, 140, 141, 142, 147, 148, 151, 154, 155]
66	0.877266	0.948107	0.840812	0.613988	1.000000e-01	1.000000e-06	1.000000e-05	100	10	0.200000	2.000000e-01	1.000000e+01	0	80	relu		[10, 13, 14, 17, 18, 21, 103, 104, 105, 130, 133, 134, 136, 137, 139, 140, 141, 142, 147, 148, 151, 154, 155]
67	0.878263	0.950243	0.845770	0.601984	1.000000e-01	1.000000e-06	1.000000e-05	100	10	0.300000	2.000000e-01	1.000000e+01	0	80	relu		[10, 13, 14, 17, 18, 21, 103, 104, 105, 130, 133, 134, 136, 137, 139, 140, 141, 142, 147, 148, 151, 154, 155]
68	0.871887	0.945527	0.836784	0.593542	1.000000e-01	1.000000e-06	1.000000e-05	100	10	0.400000	2.000000e-01	1.000000e+01	0	80	relu		[10, 13, 14, 17, 18, 21, 103, 104, 105, 130, 133, 134, 136, 137, 139, 140, 141, 142, 147, 148, 151, 154, 155]
69	0.863319	0.942072	0.828512	0.569880	1.000000e-01	1.000000e-06	1.000000e-05	100	10	0.500000	2.000000e-01	1.000000e+01	0	80	relu		[10, 13, 14, 17, 18, 21, 103, 104, 105, 130, 133, 134, 136, 137, 139, 140, 141, 142, 147, 148, 151, 154, 155]
70	0.857940	0.939504	0.830185	0.577315	1.000000e-01	1.000000e-06	1.000000e-05	100	10	0.600000	2.000000e-01	1.000000e+01	0	80	relu		[10, 13, 14, 17, 18, 21, 103, 104, 105, 130, 133, 134, 136, 137, 139, 140, 141, 142, 147, 148, 151, 154, 155]
71	0.851564	0.933126	0.828435	0.567446	1.000000e-01	1.000000e-06	1.000000e-05	100	10	0.700000	2.000000e-01	1.000000e+01	0	80	relu		[10, 13, 14, 17, 18, 21, 103, 104, 105, 130, 133, 134, 136, 137, 139, 140, 141, 142, 147, 148, 151, 154, 155]
72	0.831241	0.921205	0.825772	0.569165	1.000000e-01	1.000000e-06	1.000000e-05	100	10	0.800000	2.000000e-01	1.000000e+01	0	80	relu		[10, 13, 14, 17, 18, 21, 103, 104, 105, 130, 133, 134, 136, 137, 139, 140, 141, 142, 147, 148, 151, 154, 155]
73	0.800359	0.891541	0.769080	0.528438	1.000000e-01	1.000000e-06	1.000000e-05	100	10	0.900000	2.000000e-01	1.000000e+01	0	80	relu		[10, 13, 14, 17, 18, 21, 103, 104, 105, 130, 133, 134, 136, 137, 139, 140, 141, 142, 147, 148, 151, 154, 155]
74	0.882845	0.953849	0.718136	0.526274	1.000000e-01	1.000000e-06	1.000000e-05	2500	10	0.000000	2.000000e-01	1.000000e+01	0	80	relu		[10, 13, 14, 17, 18, 21, 103, 104, 105, 130, 133, 134, 136, 137, 139, 140, 141, 142, 147, 148, 151, 154, 155]
75	0.881849	0.952058	0.688038	0.509711	1.000000e-01	1.000000e-06	1.000000e-05	2500	10	0.100000	2.000000e-01	1.000000e+01	0	80	relu		[10, 13, 14, 17, 18, 21, 103, 104, 105, 130, 133, 134, 136, 137, 139, 140, 141, 142, 147, 148, 151, 154, 155]
76	0.886830	0.954348	0.653511	0.501908	1.000000e-01	1.000000e-06	1.000000e-05	2500	10	0.200000	2.000000e-01	1.000000e+01	0	80	relu		[10, 13, 14, 17, 18, 21, 103, 104, 105, 130, 133, 134, 136, 137, 139, 140, 141, 142, 147, 148, 151, 154, 155]
77	0.881849	0.950661	0.721320	0.525763	1.000000e-01	1.000000e-06	1.000000e-05	2500	10	0.300000	2.000000e-01	1.000000e+01	0	80	relu		[10, 13, 14, 17, 18, 21, 103, 104, 105, 130, 133, 134, 136, 137, 139, 140, 141, 142, 147, 148, 151, 154, 155]
78	0.884439	0.954032	0.720536	0.548640	1.000000e-01	1.000000e-06	1.000000e-05	2500	10	0.400000	2.000000e-01	1.000000e+01	0	80	relu		[10, 13, 14, 17, 18, 21, 103, 104, 105, 130, 133, 134, 136, 137, 139, 140, 141, 142, 147, 148, 151, 154, 155]
79	0.881450	0.951915	0.715029	0.561116	1.000000e-01	1.000000e-06	1.000000e-05	2500	10	0.500000	2.000000e-01	1.000000e+01	0	80	relu		[10, 13, 14, 17, 18, 21, 103, 104, 105, 130, 133, 134, 136, 137, 139, 140, 141, 142, 147, 148, 151, 154, 155]
80	0.887826	0.952859	0.735958	0.607638	1.000000e-01	1.000000e-06	1.000000e-05	2500	10	0.600000	2.000000e-01	1.000000e+01	0	80	relu		[10, 13, 14, 17, 18, 21, 103, 104, 105, 130, 133, 134, 136, 137, 139, 140, 141, 142, 147, 148, 151, 154, 155]
81	0.877067	0.948590	0.771495	0.600614	1.000000e-01	1.000000e-06	1.000000e-05	2500	10	0.700000	2.000000e-01	1.000000e+01	0	80	relu		[10, 13, 14, 17, 18, 21, 103, 104, 105, 130, 133, 134, 136, 137, 139, 140, 141, 142, 147, 148, 151, 154, 155]
82	0.867105	0.941411	0.772418	0.562898	1.000000e-01	1.000000e-06	1.000000e-05	2500	10	0.800000	2.000000e-01	1.000000e+01	0	80	relu		[10, 13, 14, 17, 18, 21, 103, 104, 105, 130, 133, 134, 136, 137, 139, 140, 141, 142, 147, 148, 151, 154, 155]
83	0.852760	0.931047	0.801707	0.571875	1.000000e-01	1.000000e-06	1.000000e-05	2500	10	0.900000	2.000000e-01	1.000000e+01	0	80	relu		[10, 13, 14, 17, 18, 21, 103, 104, 105, 130, 133, 134, 136, 137, 139, 140, 141, 142, 147, 148, 151, 154, 155]
84	0.867304	0.950265	0.720751	0.574341	1.000000e-01	1.000000e-06	1.000000e-05	1000	10	0.000000	2.000000e-01	1.000000e+01	0	80	relu		[10, 13, 14, 17, 18, 21, 103, 104, 105, 130, 133, 134, 136, 137, 139, 140, 141, 142, 147, 148, 151, 154, 155]
85	0.877864	0.951873	0.719256	0.584132	1.000000e-01	1.000000e-06	1.000000e-05	1000	10	0.100000	2.000000e-01	1.000000e+01	0	80	relu		[10, 13, 14, 17, 18, 21, 103, 104, 105, 130, 133, 134, 136, 137, 139, 140, 141, 142, 147, 148, 151, 154, 155]
86	0.873879	0.951848	0.725648	0.595494	1.000000e-01	1.000000e-06	1.000000e-05	1000	10	0.200000	2.000000e-01	1.000000e+01	0	80	relu		[10, 13, 14, 17, 18, 21, 103, 104, 105, 130, 133, 134, 136, 137, 139, 140, 141, 142, 147, 148, 151, 154, 155]
87	0.880454	0.952459	0.730134	0.597365	1.000000e-01	1.000000e-06	1.000000e-05	1000	10	0.300000	2.000000e-01	1.000000e+01	0	80	relu		[10, 13, 14, 17, 18, 21, 103, 104, 105, 130, 133, 134, 136, 137, 139, 140, 141, 142, 147, 148, 151, 154, 155]
88	0.883244	0.953635	0.726538	0.600603	1.000000e-01	1.000000e-06	1.000000e-05	1000	10	0.400000	2.000000e-01	1.000000e+01	0	80	relu		[10, 13, 14, 17, 18, 21, 103, 104, 105, 130, 133, 134, 136, 137, 139, 140, 141, 142, 147, 148, 151, 154, 155]
89	0.880454	0.952905	0.776198	0.553046	1.000000e-01	1.000000e-06	1.000000e-05	1000	10	0.500000	2.000000e-01	1.000000e+01	0	80	relu		[10, 13, 14, 17, 18, 21, 103, 104, 105, 130, 133, 134, 136, 137, 139, 140, 141, 142, 147, 148, 151, 154, 155]
90	0.882048	0.952010	0.756816	0.623511	1.000000e-01	1.000000e-06	1.000000e-05	1000	10	0.600000	2.000000e-01	1.000000e+01	0	80	relu		[10, 13, 14, 17, 18, 21, 103, 104, 105, 130, 133, 134, 136, 137, 139, 140, 141, 142, 147, 148, 151, 154, 155]
91	0.869894	0.947235	0.787230	0.613857	1.000000e-01	1.000000e-06	1.000000e-05	1000	10	0.700000	2.000000e-01	1.000000e+01	0	80	relu		[10, 13, 14, 17, 18, 21, 103, 104, 105, 130, 133, 134, 136, 137, 139, 140, 141, 142, 147, 148, 151, 154, 155]
92	0.865710	0.941786	0.815851	0.615599	1.000000e-01	1.000000e-06	1.000000e-05	1000	10	0.800000	2.000000e-01	1.000000e+01	0	80	relu		[10, 13, 14, 17, 18, 21, 103, 104, 105, 130, 133, 134, 136, 137, 139, 140, 141, 142, 147, 148, 151, 154, 155]
93	0.841403	0.926104	0.808827	0.590487	1.000000e-01	1.000000e-06	1.000000e-05	1000	10	0.900000	2.000000e-01	1.000000e+01	0	80	relu		[10, 13, 14, 17, 18, 21, 103, 104, 105, 130, 133, 134, 136, 137, 139, 140, 141, 142, 147, 148, 151, 154, 155]
94	0.882247	0.954788	0.682526	0.590799	1.000000e-01	1.000000e-06	1.000000e-05	500	20	0.000000	2.000000e-01	1.000000e+01	0	80	relu		[10, 13, 14, 17, 18, 21, 103, 104, 105, 130, 133, 134, 136, 137, 139, 140, 141, 142, 147, 148, 151, 154, 155]
95	0.869695	0.955699	0.713034	0.588439	1.000000e-01	1.000000e-06	1.000000e-05	500	20	0.100000	2.000000e-01	1.000000e+01	0	80	relu		[10, 13, 14, 17, 18, 21, 103, 104, 105, 130, 133, 134, 136, 137, 139, 140, 141, 142, 147, 148, 151, 154, 155]
96	0.876469	0.956851	0.678748	0.527594	1.000000e-01	1.000000e-06	1.000000e-05	500	20	0.200000	2.000000e-01	1.000000e+01	0	80	relu		[10, 13, 14, 17, 18, 21, 103, 104, 105, 130, 133, 134, 136, 137, 139, 140, 141, 142, 147, 148, 151, 154, 155]
97	0.889022	0.958248	0.681471	0.602421	1.000000e-01	1.000000e-06	1.000000e-05	500	20	0.300000	2.000000e-01	1.000000e+01	0	80	relu		[10, 13, 14, 17, 18, 21, 103, 104, 105, 130, 133, 134, 136, 137, 139, 140, 141, 142, 147, 148, 151, 154, 155]
98	0.890416	0.958887	0.728220	0.654302	1.000000e-01	1.000000e-06	1.000000e-05	500	20	0.400000	2.000000e-01	1.000000e+01	0	80	relu		[10, 13, 14, 17, 18, 21, 103, 104, 105, 130, 133, 134, 136, 137, 139, 140, 141, 142, 147, 148, 151, 154, 155]
99	0.900179	0.960981	0.779938	0.634803	1.000000e-01	1.000000e-06	1.000000e-05	500	20	0.500000	2.000000e-01	1.000000e+01	0	80	relu		[10, 13, 14, 17, 18, 21, 103, 104, 105, 130, 133, 134, 136, 137, 139, 140, 141, 142, 147, 148, 151, 154, 155]
100	0.886033	0.957276	0.781470	0.614432	1.000000e-01	1.000000e-06	1.000000e-05	500	20	0.600000	2.000000e-01	1.000000e+01	0	80	relu		[10, 13, 14, 17, 18, 21, 103, 104, 105, 130, 133, 134, 136, 137, 139, 140, 141, 142, 147, 148, 151, 154, 155]
101	0.874079	0.949318	0.808094	0.619005	1.000000e-01	1.000000e-06	1.000000e-05	500	20	0.700000	2.000000e-01	1.000000e+01	0	80	relu		[10, 13, 14, 17, 18, 21, 103, 104, 105, 130, 133, 134, 136, 137, 139, 140, 141, 142, 147, 148, 151, 154, 155]
102	0.882247	0.951522	0.815060	0.623364	1.000000e-01	1.000000e-06	1.000000e-05	500	20	0.800000	2.000000e-01	1.000000e+01	0	80	relu		[10, 13, 14, 17, 18, 21, 103, 104, 105, 130, 133, 134, 136, 137, 139, 140, 141, 142, 147, 148, 151, 154, 155]
103	0.856744	0.933327	0.787273	0.598381	1.000000e-01	1.000000e-06	1.000000e-05	500	20	0.900000	2.000000e-01	1.000000e+01	0	80	relu		[10, 13, 14, 17, 18, 21, 103, 104, 105, 130, 133, 134, 136, 137, 139, 140, 141, 142, 147, 148, 151, 154, 155]
104	0.863519	0.935317	0.713058	0.596049	1.000000e-01	1.000000e-06	1.000000e-05	100	20	0.000000	2.000000e-01	1.000000e+01	0	80	relu		[10, 13, 14, 17, 18, 21, 103, 104, 105, 130, 133, 134, 136, 137, 139, 140, 141, 142, 147, 148, 151, 154, 155]
105	0.874278	0.949156	0.821690	0.619477	1.000000e-01	1.000000e-06	1.000000e-05	100	20	0.100000	2.000000e-01	1.000000e+01	0	80	relu		[10, 13, 14, 17, 18, 21, 103, 104, 105, 130, 133, 134, 136, 137, 139, 140, 141, 142, 147, 148, 151, 154, 155]
106	0.874079	0.948106	0.817938	0.597210	1.000000e-01	1.000000e-06	1.000000e-05	100	20	0.200000	2.000000e-01	1.000000e+01	0	80	relu		[10, 13, 14, 17, 18, 21, 103, 104, 105, 130, 133, 134, 136, 137, 139, 140, 141, 142, 147, 148, 151, 154, 155]
107	0.879458	0.952590	0.825801	0.605829	1.000000e-01	1.000000e-06	1.000000e-05	100	20	0.300000	2.000000e-01	1.000000e+01	0	80	relu		[10, 13, 14, 17, 18, 21, 103, 104, 105, 130, 133, 134, 136, 137, 139, 140, 141, 142, 147, 148, 151, 154, 155]
108	0.881450	0.953254	0.835989	0.603813	1.000000e-01	1.000000e-06	1.000000e-05	100	20	0.400000	2.000000e-01	1.000000e+01	0	80	relu		[10, 13, 14, 17, 18, 21, 103, 104, 105, 130, 133, 134, 136, 137, 139, 140, 141, 142, 147, 148, 151, 154, 155]
109	0.874676	0.949879	0.836237	0.599335	1.000000e-01	1.000000e-06	1.000000e-05	100	20	0.500000	2.000000e-01	1.000000e+01	0	80	relu		[10, 13, 14, 17, 18, 21, 103, 104, 105, 130, 133, 134, 136, 137, 139, 140, 141, 142, 147, 148, 151, 154, 155]
110	0.875872	0.947706	0.824858	0.581220	1.000000e-01	1.000000e-06	1.000000e-05	100	20	0.600000	2.000000e-01	1.000000e+01	0	80	relu		[10, 13, 14, 17, 18, 21, 103, 104, 105, 130, 133, 134, 136, 137, 139, 140, 141, 142, 147, 148, 151, 154, 155]
111	0.855150	0.937782	0.814698	0.558247	1.000000e-01	1.000000e-06	1.000000e-05	100	20	0.700000	2.000000e-01	1.000000e+01	0	80	relu		[10, 13, 14, 17, 18, 21, 103, 104, 105, 130, 133, 134, 136, 137, 139, 140, 141, 142, 147, 148, 151, 154, 155]
112	0.851166	0.927613	0.804701	0.517654	1.000000e-01	1.000000e-06	1.000000e-05	100	20	0.800000	2.000000e-01	1.000000e+01	0	80	relu		[10, 13, 14, 17, 18, 21, 103, 104, 105, 130, 133, 134, 136, 137, 139, 140, 141, 142, 147, 148, 151, 154, 155]
113	0.818091	0.903219	0.757097	0.498537	1.000000e-01	1.000000e-06	1.000000e-05	100	20	0.900000	2.000000e-01	1.000000e+01	0	80	relu		[10, 13, 14, 17, 18, 21, 103, 104, 105, 130, 133, 134, 136, 137, 139, 140, 141, 142, 147, 148, 151, 154, 155]
114	0.874477	0.953449	0.574921	0.442571	1.000000e-01	1.000000e-06	1.000000e-05	2500	20	0.000000	2.000000e-01	1.000000e+01	0	80	relu		[10, 13, 14, 17, 18, 21, 103, 104, 105, 130, 133, 134, 136, 137, 139, 140, 141, 142, 147, 148, 151, 154, 155]
115	0.887029	0.956725	0.697748	0.497008	1.000000e-01	1.000000e-06	1.000000e-05	2500	20	0.100000	2.000000e-01	1.000000e+01	0	80	relu		[10, 13, 14, 17, 18, 21, 103, 104, 105, 130, 133, 134, 136, 137, 139, 140, 141, 142, 147, 148, 151, 154, 155]
116	0.885236	0.959589	0.662520	0.518428	1.000000e-01	1.000000e-06	1.000000e-05	2500	20	0.200000	2.000000e-01	1.000000e+01	0	80	relu		[10, 13, 14, 17, 18, 21, 103, 104, 105, 130, 133, 134, 136, 137, 139, 140, 141, 142, 147, 148, 151, 154, 155]
117	0.894202	0.960122	0.683762	0.555373	1.000000e-01	1.000000e-06	1.000000e-05	2500	20	0.300000	2.000000e-01	1.000000e+01	0	80	relu		[10, 13, 14, 17, 18, 21, 103, 104, 105, 130, 133, 134, 136, 137, 139, 140, 141, 142, 147, 148, 151, 154, 155]
118	0.887029	0.958694	0.685415	0.527830	1.000000e-01	1.000000e-06	1.000000e-05	2500	20	0.400000	2.000000e-01	1.000000e+01	0	80	relu		[10, 13, 14, 17, 18, 21, 103, 104, 105, 130, 133, 134, 136, 137, 139, 140, 141, 142, 147, 148, 151, 154, 155]
119	0.898984	0.961838	0.720493	0.540872	1.000000e-01	1.000000e-06	1.000000e-05	2500	20	0.500000	2.000000e-01	1.000000e+01	0	80	relu		[10, 13, 14, 17, 18, 21, 103, 104, 105, 130, 133, 134, 136, 137, 139, 140, 141, 142, 147, 148, 151, 154, 155]
120	0.891413	0.956504	0.741344	0.599744	1.000000e-01	1.000000e-06	1.000000e-05	2500	20	0.600000	2.000000e-01	1.000000e+01	0	80	relu		[10, 13, 14, 17, 18, 21, 103, 104, 105, 130, 133, 134, 136, 137, 139, 140, 141, 142, 147, 148, 151, 154, 155]
121	0.892010	0.957182	0.734832	0.584170	1.000000e-01	1.000000e-06	1.000000e-05	2500	20	0.700000	2.000000e-01	1.000000e+01	0	80	relu		[10, 13, 14, 17, 18, 21, 103, 104, 105, 130, 133, 134, 136, 137, 139, 140, 141, 142, 147, 148, 151, 154, 155]
122	0.876669	0.950747	0.765335	0.587205	1.000000e-01	1.000000e-06	1.000000e-05	2500	20	0.800000	2.000000e-01	1.000000e+01	0	80	relu		[10, 13, 14, 17, 18, 21, 103, 104, 105, 130, 133, 134, 136, 137, 139, 140, 141, 142, 147, 148, 151, 154, 155]
123	0.863519	0.938974	0.765386	0.586179	1.000000e-01	1.000000e-06	1.000000e-05	2500	20	0.900000	2.000000e-01	1.000000e+01	0	80	relu		[10, 13, 14, 17, 18, 21, 103, 104, 105, 130, 133, 134, 136, 137, 139, 140, 141, 142, 147, 148, 151, 154, 155]
124	0.860729	0.954046	0.671737	0.510344	1.000000e-01	1.000000e-06	1.000000e-05	1000	20	0.000000	2.000000e-01	1.000000e+01	0	80	relu		[10, 13, 14, 17, 18, 21, 103, 104, 105, 130, 133, 134, 136, 137, 139, 140, 141, 142, 147, 148, 151, 154, 155]
125	0.885834	0.958941	0.666597	0.551033	1.000000e-01	1.000000e-06	1.000000e-05	1000	20	0.100000	2.000000e-01	1.000000e+01	0	80	relu		[10, 13, 14, 17, 18, 21, 103, 104, 105, 130, 133, 134, 136, 137, 139, 140, 141, 142, 147, 148, 151, 154, 155]
126	0.885435	0.957785	0.686433	0.624072	1.000000e-01	1.000000e-06	1.000000e-05	1000	20	0.200000	2.000000e-01	1.000000e+01	0	80	relu		[10, 13, 14, 17, 18, 21, 103, 104, 105, 130, 133, 134, 136, 137, 139, 140, 141, 142, 147, 148, 151, 154, 155]
127	0.887428	0.959066	0.698858	0.585575	1.000000e-01	1.000000e-06	1.000000e-05	1000	20	0.300000	2.000000e-01	1.000000e+01	0	80	relu		[10, 13, 14, 17, 18, 21, 103, 104, 105, 130, 133, 134, 136, 137, 139, 140, 141, 142, 147, 148, 151, 154, 155]
128	0.883244	0.959685	0.731007	0.610881	1.000000e-01	1.000000e-06	1.000000e-05	1000	20	0.400000	2.000000e-01	1.000000e+01	0	80	relu		[10, 13, 14, 17, 18, 21, 103, 104, 105, 130, 133, 134, 136, 137, 139, 140, 141, 142, 147, 148, 151, 154, 155]
129	0.894601	0.959782	0.757046	0.637739	1.000000e-01	1.000000e-06	1.000000e-05	1000	20	0.500000	2.000000e-01	1.000000e+01	0	80	relu		[10, 13, 14, 17, 18, 21, 103, 104, 105, 130, 133, 134, 136, 137, 139, 140, 141, 142, 147, 148, 151, 154, 155]
130	0.887428	0.958561	0.750722	0.599813	1.000000e-01	1.000000e-06	1.000000e-05	1000	20	0.600000	2.000000e-01	1.000000e+01	0	80	relu		[10, 13, 14, 17, 18, 21, 103, 104, 105, 130, 133, 134, 136, 137, 139, 140, 141, 142, 147, 148, 151, 154, 155]
131	0.886830	0.954690	0.783889	0.627072	1.000000e-01	1.000000e-06	1.000000e-05	1000	20	0.700000	2.000000e-01	1.000000e+01	0	80	relu		[10, 13, 14, 17, 18, 21, 103, 104, 105, 130, 133, 134, 136, 137, 139, 140, 141, 142, 147, 148, 151, 154, 155]
132	0.879259	0.951684	0.788370	0.611185	1.000000e-01	1.000000e-06	1.000000e-05	1000	20	0.800000	2.000000e-01	1.000000e+01	0	80	relu		[10, 13, 14, 17, 18, 21, 103, 104, 105, 130, 133, 134, 136, 137, 139, 140, 141, 142, 147, 148, 151, 154, 155]
133	0.860729	0.939491	0.767933	0.606549	1.000000e-01	1.000000e-06	1.000000e-05	1000	20	0.900000	2.000000e-01	1.000000e+01	0	80	relu		[10, 13, 14, 17, 18, 21, 103, 104, 105, 130, 133, 134, 136, 137, 139, 140, 141, 142, 147, 148, 151, 154, 155]
134	0.860132	0.947204	0.857910	0.652558	1.000000e-01	1.000000e-06	1.000000e-06	500	5	0.000000	2.000000e-01	1.000000e+01	0	80	relu		[10, 13, 14, 17, 18, 21, 103, 104, 105, 130, 133, 134, 136, 137, 139, 140, 141, 142, 147, 148, 151, 154, 155]
135	0.872684	0.949347	0.850539	0.656004	1.000000e-01	1.000000e-06	1.000000e-06	500	5	0.100000	2.000000e-01	1.000000e+01	0	80	relu		[10, 13, 14, 17, 18, 21, 103, 104, 105, 130, 133, 134, 136, 137, 139, 140, 141, 142, 147, 148, 151, 154, 155]
136	0.860331	0.948578	0.851540	0.651990	1.000000e-01	1.000000e-06	1.000000e-06	500	5	0.200000	2.000000e-01	1.000000e+01	0	80	relu		[10, 13, 14, 17, 18, 21, 103, 104, 105, 130, 133, 134, 136, 137, 139, 140, 141, 142, 147, 148, 151, 154, 155]
137	0.873282	0.945545	0.843236	0.659399	1.000000e-01	1.000000e-06	1.000000e-06	500	5	0.300000	2.000000e-01	1.000000e+01	0	80	relu		[10, 13, 14, 17, 18, 21, 103, 104, 105, 130, 133, 134, 136, 137, 139, 140, 141, 142, 147, 148, 151, 154, 155]
138	0.867105	0.947444	0.833356	0.654411	1.000000e-01	1.000000e-06	1.000000e-06	500	5	0.400000	2.000000e-01	1.000000e+01	0	80	relu		[10, 13, 14, 17, 18, 21, 103, 104, 105, 130, 133, 134, 136, 137, 139, 140, 141, 142, 147, 148, 151, 154, 155]
139	0.870492	0.947490	0.829905	0.651196	1.000000e-01	1.000000e-06	1.000000e-06	500	5	0.500000	2.000000e-01	1.000000e+01	0	80	relu		[10, 13, 14, 17, 18, 21, 103, 104, 105, 130, 133, 134, 136, 137, 139, 140, 141, 142, 147, 148, 151, 154, 155]
140	0.864515	0.944619	0.831541	0.639560	1.000000e-01	1.000000e-06	1.000000e-06	500	5	0.600000	2.000000e-01	1.000000e+01	0	80	relu		[10, 13, 14, 17, 18, 21, 103, 104, 105, 130, 133, 134, 136, 137, 139, 140, 141, 142, 147, 148, 151, 154, 155]
141	0.856147	0.936343	0.816020	0.626403	1.000000e-01	1.000000e-06	1.000000e-06	500	5	0.700000	2.000000e-01	1.000000e+01	0	80	relu		[10, 13, 14, 17, 18, 21, 103, 104, 105, 130, 133, 134, 136, 137, 139, 140, 141, 142, 147, 148, 151, 154, 155]
142	0.848575	0.929107	0.809629	0.629626	1.000000e-01	1.000000e-06	1.000000e-06	500	5	0.800000	2.000000e-01	1.000000e+01	0	80	relu		[10, 13, 14, 17, 18, 21, 103, 104, 105, 130, 133, 134, 136, 137, 139, 140, 141, 142, 147, 148, 151, 154, 155]
143	0.813110	0.905417	0.772316	0.581582	1.000000e-01	1.000000e-06	1.000000e-06	500	5	0.900000	2.000000e-01	1.000000e+01	0	80	relu		[10, 13, 14, 17, 18, 21, 103, 104, 105, 130, 133, 134, 136, 137, 139, 140, 141, 142, 147, 148, 151, 154, 155]
144	0.861725	0.942005	0.857437	0.599777	1.000000e-01	1.000000e-06	1.000000e-06	100	5	0.000000	2.000000e-01	1.000000e+01	0	80	relu		[10, 13, 14, 17, 18, 21, 103, 104, 105, 130, 133, 134, 136, 137, 139, 140, 141, 142, 147, 148, 151, 154, 155]
145	0.856944	0.935493	0.848415	0.590671	1.000000e-01	1.000000e-06	1.000000e-06	100	5	0.100000	2.000000e-01	1.000000e+01	0	80	relu		[10, 13, 14, 17, 18, 21, 103, 104, 105, 130, 133, 134, 136, 137, 139, 140, 141, 142, 147, 148, 151, 154, 155]
146	0.858936	0.931985	0.836893	0.594388	1.000000e-01	1.000000e-06	1.000000e-06	100	5	0.200000	2.000000e-01	1.000000e+01	0	80	relu		[10, 13, 14, 17, 18, 21, 103, 104, 105, 130, 133, 134, 136, 137, 139, 140, 141, 142, 147, 148, 151, 154, 155]
147	0.848974	0.932212	0.834270	0.585301	1.000000e-01	1.000000e-06	1.000000e-06	100	5	0.300000	2.000000e-01	1.000000e+01	0	80	relu		[10, 13, 14, 17, 18, 21, 103, 104, 105, 130, 133, 134, 136, 137, 139, 140, 141, 142, 147, 148, 151, 154, 155]
148	0.848974	0.932154	0.822930	0.593236	1.000000e-01	1.000000e-06	1.000000e-06	100	5	0.400000	2.000000e-01	1.000000e+01	0	80	relu		[10, 13, 14, 17, 18, 21, 103, 104, 105, 130, 133, 134, 136, 137, 139, 140, 141, 142, 147, 148, 151, 154, 155]
149	0.843794	0.929394	0.814844	0.576161	1.000000e-01	1.000000e-06	1.000000e-06	100	5	0.500000	2.000000e-01	1.000000e+01	0	80	relu		[10, 13, 14, 17, 18, 21, 103, 104, 105, 130, 133, 134, 136, 137, 139, 140, 141, 142, 147, 148, 151, 154, 155]
150	0.835027	0.918001	0.817458	0.594809	1.000000e-01	1.000000e-06	1.000000e-06	100	5	0.600000	2.000000e-01	1.000000e+01	0	80	relu		[10, 13, 14, 17, 18, 21, 103, 104, 105, 130, 133, 134, 136, 137, 139, 140, 141, 142, 147, 148, 151, 154, 155]
151	0.828053	0.913746	0.805738	0.557322	1.000000e-01	1.000000e-06	1.000000e-06	100	5	0.700000	2.000000e-01	1.000000e+01	0	80	relu		[10, 13, 14, 17, 18, 21, 103, 104, 105, 130, 133, 134, 136, 137, 139, 140, 141, 142, 147, 148, 151, 154, 155]
152	0.805738	0.894199	0.775453	0.547259	1.000000e-01	1.000000e-06	1.000000e-06	100	5	0.800000	2.000000e-01	1.000000e+01	0	80	relu		[10, 13, 14, 17, 18, 21, 103, 104, 105, 130, 133, 134, 136, 137, 139, 140, 141, 142, 147, 148, 151, 154, 155]
153	0.753935	0.851503	0.725314	0.460534	1.000000e-01	1.000000e-06	1.000000e-06	100	5	0.900000	2.000000e-01	1.000000e+01	0	80	relu		[10, 13, 14, 17, 18, 21, 103, 104, 105, 130, 133, 134, 136, 137, 139, 140, 141, 142, 147, 148, 151, 154, 155]
154	0.852560	0.950802	0.853507	0.699287	1.000000e-01	1.000000e-06	1.000000e-06	2500	5	0.000000	2.000000e-01	1.000000e+01	0	80	relu		[10, 13, 14, 17, 18, 21, 103, 104, 105, 130, 133, 134, 136, 137, 139, 140, 141, 142, 147, 148, 151, 154, 155]
155	0.859932	0.951804	0.853743	0.705704	1.000000e-01	1.000000e-06	1.000000e-06	2500	5	0.100000	2.000000e-01	1.000000e+01	0	80	relu		[10, 13, 14, 17, 18, 21, 103, 104, 105, 130, 133, 134, 136, 137, 139, 140, 141, 142, 147, 148, 151, 154, 155]
156	0.875274	0.953151	0.854723	0.706515	1.000000e-01	1.000000e-06	1.000000e-06	2500	5	0.200000	2.000000e-01	1.000000e+01	0	80	relu		[10, 13, 14, 17, 18, 21, 103, 104, 105, 130, 133, 134, 136, 137, 139, 140, 141, 142, 147, 148, 151, 154, 155]
157	0.868699	0.949984	0.845761	0.686701	1.000000e-01	1.000000e-06	1.000000e-06	2500	5	0.300000	2.000000e-01	1.000000e+01	0	80	relu		[10, 13, 14, 17, 18, 21, 103, 104, 105, 130, 133, 134, 136, 137, 139, 140, 141, 142, 147, 148, 151, 154, 155]
158	0.872883	0.952117	0.848447	0.693003	1.000000e-01	1.000000e-06	1.000000e-06	2500	5	0.400000	2.000000e-01	1.000000e+01	0	80	relu		[10, 13, 14, 17, 18, 21, 103, 104, 105, 130, 133, 134, 136, 137, 139, 140, 141, 142, 147, 148, 151, 154, 155]
159	0.886033	0.954649	0.846129	0.697499	1.000000e-01	1.000000e-06	1.000000e-06	2500	5	0.500000	2.000000e-01	1.000000e+01	0	80	relu		[10, 13, 14, 17, 18, 21, 103, 104, 105, 130, 133, 134, 136, 137, 139, 140, 141, 142, 147, 148, 151, 154, 155]
160	0.878063	0.952650	0.843716	0.688122	1.000000e-01	1.000000e-06	1.000000e-06	2500	5	0.600000	2.000000e-01	1.000000e+01	0	80	relu		[10, 13, 14, 17, 18, 21, 103, 104, 105, 130, 133, 134, 136, 137, 139, 140, 141, 142, 147, 148, 151, 154, 155]
